Designator,Mid X,Mid Y,Rotation,Layer
3V3,111.8,-73.2,180,bottom
5V1,162.6,-73.2,180,bottom
C1,177.95,-109.1,-90,bottom
C2,172.85,-106.3,0,bottom
C3,173.75,-113.9,-90,bottom
C4,192.1,-67.15,-90,bottom
C5,187.65,-72.35,180,bottom
C6,181,-67.15,-90,bottom
C7,183.3,-67.15,-90,bottom
C8,114.7,-62.3,90,bottom
C9,116.7,-62.3,-90,bottom
C10,130.8125,-62.625,-90,bottom
C11,116.9,-120.05,180,bottom
C12,185.4,-118.7,-90,bottom
D1,105.4,-105.3,90,bottom
D2,105.4,-115.2625,90,bottom
GND1,111.8,-102.7,0,bottom
GPIO0,144.8,-102.7,0,bottom
GPIO2,121.9,-102.7,0,bottom
GPIO3,142.3,-73.2,180,bottom
GPIO4,119.4,-73.2,180,bottom
GPIO5,122,-73.2,180,bottom
GPIO6,124.6,-73.2,180,bottom
GPIO7,127.1,-73.2,180,bottom
GPIO15,129.6,-73.2,180,bottom
GPIO21,155,-102.7,0,bottom
GPIO35,142.2,-102.7,0,bottom
GPIO36,139.720203,-102.699999,0,bottom
GPIO37,137.2,-102.7,0,bottom
GPIO38,134.6,-102.7,0,bottom
GPIO39,132,-102.7,0,bottom
GPIO40,129.6,-102.7,0,bottom
GPIO41,127,-102.7,0,bottom
GPIO42,124.5,-102.7,0,bottom
GPIO43,114.3,-102.7,0,bottom
GPIO44,116.8,-102.7,0,bottom
GPIO45,147.3,-102.7,0,bottom
GPIO46,144.8,-73.2,180,bottom
GPIO47,152.4,-102.7,0,bottom
GPIO48,149.8,-102.7,0,bottom
J1,108,-125.4,180,bottom
J2,192,-125.4,180,bottom
J3,193,-100,-90,bottom
J4,153.795,-120,180,bottom
J5,146.195,-120,180,bottom
J6,157.38,-68.4,90,bottom
J7,191.575,-112.6,90,bottom
JP1,167.25,-110.4,90,bottom
JP2,163.5,-110.4,-90,bottom
JP3,181.5,-111.2,90,bottom
JP4,115.7,-67.3,0,bottom
JP5,125.1,-57.6,180,bottom
L1,187.7,-63.35,0,bottom
R1,177.05,-106.3,180,bottom
R2,177.95,-113.9,90,bottom
R3,107.6,-105.3,-90,bottom
R4,107.6,-115.2625,-90,bottom
R5,166.9,-117.5875,-90,bottom
R6,169,-117.575,90,bottom
R7,191.3125,-72.35,180,bottom
R8,180.4,-72.35,180,bottom
R9,184,-72.35,180,bottom
R10,190.335,-109.7,0,bottom
R11,116.9,-118,180,bottom
R12,113.4875,-118,180,bottom
R13,192.5,-93.5,0,bottom
R14,192.5,-106.5,0,bottom
R15,126.3625,-67.675,180,bottom
R16,126.3625,-70.175,180,bottom
R17,174.3,-57.1875,90,bottom
R18,186.6,-57.1,90,bottom
R19,185.4,-115.2,90,bottom
RST1,116.9,-73.2,180,bottom
SW1,191,-78,-90,bottom
SW2,168.8,-56.6,0,bottom
SW3,181.1,-56.6,0,bottom
TH1,150,-120,180,bottom
TP1,159.213065,-111.786099,180,bottom
TP2,119.4,-111.8,180,bottom
TP3,176.6,-72.4,180,bottom
U1,173.8,-109.6625,90,bottom
U2,115.7,-57.5,-90,bottom
U3,111.8,-76.5,-90,bottom
U4,187.7,-67.85,-90,bottom
U5,127.0125,-62.625,-90,bottom
U7,190.245,-117.3,180,bottom
,150,-132.4,0,top
U6,104.1,-144.9,0,top
