Comment,Designator,Footprint,LCSC Part Number
1uF,C1,805,C28323
4.7uF,"C2, C3",805,C1779
10uF,"C4, C6, C7",805,C15850
0.1uF,"C5, C8, C9, C10, C11, C12",805,C49678
Red,D1,805,C84256
Green,D2,805,C2297
USB Type C,J3,USB 16P,C3197684
2.2uH,L1,1008,C576403
1K2,R1,805,C17379
1K,"R2, R3, R4, R19",805,C17513
0,R5,805,C17477
100,R7,805,C17408
0,R10,1206,C17888
470K,"R11, R12",805,C17709
5K1,"R13, R14, R17, R18",805,C27834
2K2,"R15, R16",805,C17520
DPDT,SW1,DPDT SW,C221833
10K,TH1,805,C73681
BQ24072RGTR ,U1,QFN-16-EP(3x3),C140288
TPS63001DRCR ,U4,VSON-10-EP(3x3),C28060
M24C64-RMN6TP,U5,SOIC-8,C79988
XB8089D,U7,SOIC-8 EP,C79928
